,B cells,T cells,Myeloid cells,NK cells,"B cells, real","T cells, real","Myeloid cells, real","NK cells, real"
0,0.0924612605835182,0.6289943633399908,0.2064919028050683,0.0720524732714211,0.09125808,0.64095161,0.22551629,0.04227402
1,0.0935608880569912,0.6296934557319941,0.1960392917319536,0.08070636447906,0.09125808,0.64095161,0.22551629,0.04227402
2,0.0834829299277565,0.6409775415569786,0.2053596008103661,0.0701799277048981,0.09125808,0.64095161,0.22551629,0.04227402
3,0.09030909489644451,0.6422920236892521,0.1988958562502095,0.0685030251640927,0.09125808,0.64095161,0.22551629,0.04227402
4,0.0884927844644177,0.639583387199631,0.1991732514423458,0.0727505768936043,0.09125808,0.64095161,0.22551629,0.04227402
5,0.0967715459591366,0.6330108219478419,0.19801476975029422,0.0722028623427261,0.09125808,0.64095161,0.22551629,0.04227402
6,0.0967506543757511,0.6436198841616246,0.19897227702452303,0.060657184438100906,0.09125808,0.64095161,0.22551629,0.04227402
7,0.09174222638839061,0.6359645926110711,0.2111952177810966,0.0610979632194405,0.09125808,0.64095161,0.22551629,0.04227402
8,0.0896079851147252,0.6230755141477615,0.201502240177022,0.0858142605604901,0.09125808,0.64095161,0.22551629,0.04227402
9,0.0947785001996095,0.6279732557464056,0.1966694946468191,0.080578749407165,0.09125808,0.64095161,0.22551629,0.04227402
10,0.09451390189656089,0.6299072463724869,0.2083806286892943,0.0671982230416565,0.09125808,0.64095161,0.22551629,0.04227402
11,0.0949585369393288,0.6337847127205009,0.20442564347183592,0.0668311068683333,0.09125808,0.64095161,0.22551629,0.04227402
12,0.09212386811052731,0.6337775050023533,0.2026703751715493,0.0714282517155692,0.09125808,0.64095161,0.22551629,0.04227402
13,0.09520791680774969,0.6314250150082452,0.20574650983924012,0.0676205583447638,0.09125808,0.64095161,0.22551629,0.04227402
14,0.0975041548014227,0.624638281389985,0.20033240866259996,0.0775251551459914,0.09125808,0.64095161,0.22551629,0.04227402
15,0.0916709768149611,0.645092525613625,0.19675416254850808,0.0664823350229047,0.09125808,0.64095161,0.22551629,0.04227402
16,0.0904026768754158,0.6549317417403964,0.1987422552177977,0.05592332616638909,0.09125808,0.64095161,0.22551629,0.04227402
17,0.09971172621332919,0.6331444408125267,0.1977595837413043,0.0693842492328384,0.09125808,0.64095161,0.22551629,0.04227402
18,0.0888766597101793,0.6215772076834425,0.2020662926909207,0.0874798399154566,0.09125808,0.64095161,0.22551629,0.04227402
19,0.09266244141462521,0.6322895099628207,0.20280867877877312,0.07223936984378,0.09125808,0.64095161,0.22551629,0.04227402
20,0.0897492402555623,0.6319242012380057,0.2074172621807603,0.0709092963256707,0.09125808,0.64095161,0.22551629,0.04227402
21,0.0920169388832554,0.6306697771346623,0.20179535648791638,0.0755179274941648,0.09125808,0.64095161,0.22551629,0.04227402
22,0.0968322210517739,0.6221110733913464,0.2087280010209557,0.0723287045359229,0.09125808,0.64095161,0.22551629,0.04227402
23,0.0870526908064225,0.6263686859109003,0.20433820300019717,0.0822404202824785,0.09125808,0.64095161,0.22551629,0.04227402
24,0.0892655773909161,0.6270117362550902,0.20224293670323043,0.0814797496507623,0.09125808,0.64095161,0.22551629,0.04227402
25,0.10162831702781,0.6299855850946416,0.2016485450119436,0.0667375528656036,0.09125808,0.64095161,0.22551629,0.04227402
26,0.08998376698890381,0.6341247701701687,0.1995504995824216,0.0763409632585048,0.09125808,0.64095161,0.22551629,0.04227402
27,0.0893464473414742,0.6470322151985071,0.2044606179697462,0.0591607194902714,0.09125808,0.64095161,0.22551629,0.04227402
28,0.0866489838286475,0.6422247889735292,0.20350295957663342,0.0676232676211887,0.09125808,0.64095161,0.22551629,0.04227402
29,0.09085276084939539,0.6372106001189007,0.1930319766037255,0.0789046624279771,0.09125808,0.64095161,0.22551629,0.04227402
30,0.0920889298058168,0.6291155290802435,0.20431277989782842,0.07448276121611,0.09125808,0.64095161,0.22551629,0.04227402
31,0.0920439301089452,0.6332661350376378,0.2123771217033982,0.0623128131500178,0.09125808,0.64095161,0.22551629,0.04227402
32,0.094308816844125,0.6351508132323439,0.208165396338145,0.0623749735853846,0.09125808,0.64095161,0.22551629,0.04227402
33,0.0910330366679645,0.6271172899161241,0.20992074679680758,0.0719289266191027,0.09125808,0.64095161,0.22551629,0.04227402
34,0.0913398889564278,0.637150763282213,0.2006336528558744,0.0708756949054839,0.09125808,0.64095161,0.22551629,0.04227402
35,0.09337295766865711,0.6323841832348852,0.2066678992680323,0.0675749598284242,0.09125808,0.64095161,0.22551629,0.04227402
36,0.0925740913582644,0.6357053032725873,0.2012445616203265,0.0704760437488211,0.09125808,0.64095161,0.22551629,0.04227402
37,0.08686512101161309,0.6431810752049758,0.20150568761097717,0.0684481161724325,0.09125808,0.64095161,0.22551629,0.04227402
38,0.1009711695045199,0.6445199901110391,0.1886624619133306,0.0658463784711093,0.09125808,0.64095161,0.22551629,0.04227402
39,0.089725397729647,0.6311854083952196,0.2001675513735096,0.07892164250162259,0.09125808,0.64095161,0.22551629,0.04227402
40,0.0974069793766015,0.6360074745546518,0.2013697668730457,0.0652157791956999,0.09125808,0.64095161,0.22551629,0.04227402
41,0.0865701618215611,0.6407469762240032,0.199930296325433,0.0727525656290015,0.09125808,0.64095161,0.22551629,0.04227402
42,0.092291394861206,0.6432995889922691,0.20320335386519128,0.0612056622813322,0.09125808,0.64095161,0.22551629,0.04227402
43,0.0900136349375068,0.6340339339218725,0.2037511609261174,0.0722012702145025,0.09125808,0.64095161,0.22551629,0.04227402
44,0.0965769634245862,0.6281020805649847,0.19970196985090302,0.0756189861595251,0.09125808,0.64095161,0.22551629,0.04227402
45,0.0987974488427834,0.653822949914776,0.19223238161071549,0.0551472196317237,0.09125808,0.64095161,0.22551629,0.04227402
46,0.08575701211218731,0.6485342018392681,0.2035623511963684,0.0621464348521754,0.09125808,0.64095161,0.22551629,0.04227402
47,0.0923179812249259,0.6295557807041786,0.2096423877481194,0.0684838503227751,0.09125808,0.64095161,0.22551629,0.04227402
48,0.0923063267683239,0.633810570678786,0.2029949287126977,0.0708881738401916,0.09125808,0.64095161,0.22551629,0.04227402
49,0.09726693371956821,0.6248123925215913,0.20170044074920507,0.0762202330096345,0.09125808,0.64095161,0.22551629,0.04227402
50,0.09625863053096981,0.6407441778564787,0.1951400679074313,0.0678571237051191,0.09125808,0.64095161,0.22551629,0.04227402
51,0.093875041698523,0.6297213045211154,0.20140992656166629,0.07499372721869439,0.09125808,0.64095161,0.22551629,0.04227402
52,0.0959953970996161,0.6397477070350326,0.1944497916316303,0.0698071042337199,0.09125808,0.64095161,0.22551629,0.04227402
53,0.0897805637500731,0.6418104687417612,0.2054771313137424,0.0629318361944224,0.09125808,0.64095161,0.22551629,0.04227402
54,0.0922747924999572,0.6265653929474679,0.20162204861696992,0.079537765935604,0.09125808,0.64095161,0.22551629,0.04227402
55,0.0965255915973022,0.6423104650843501,0.19375615495698967,0.0674077883613568,0.09125808,0.64095161,0.22551629,0.04227402
56,0.09312731492369991,0.6331120128518064,0.19974497003140818,0.0740157021930843,0.09125808,0.64095161,0.22551629,0.04227402
57,0.08607789692193471,0.6293857337134877,0.19756112521536173,0.0869752441492151,0.09125808,0.64095161,0.22551629,0.04227402
58,0.0924005268832028,0.6360308379284046,0.19334396088261951,0.0782246743057719,0.09125808,0.64095161,0.22551629,0.04227402
59,0.0920348284157314,0.635412230490661,0.20199587192125298,0.0705570691723533,0.09125808,0.64095161,0.22551629,0.04227402
60,0.0987440271685327,0.6278068820833747,0.2048026154223681,0.06864647532572321,0.09125808,0.64095161,0.22551629,0.04227402
61,0.0915503551645451,0.6318827592089832,0.20908403456017083,0.0674828510663004,0.09125808,0.64095161,0.22551629,0.04227402
62,0.10113660640443209,0.633849675644489,0.2052076158562387,0.0598061020948391,0.09125808,0.64095161,0.22551629,0.04227402
63,0.09254636225336921,0.6381061460766339,0.2043547754374358,0.06499271623255991,0.09125808,0.64095161,0.22551629,0.04227402
64,0.0871195759747571,0.6534220423716066,0.2019164182673224,0.0575419633863129,0.09125808,0.64095161,0.22551629,0.04227402
65,0.0911387703141907,0.6351924454293036,0.19674838111788062,0.076920403138624,0.09125808,0.64095161,0.22551629,0.04227402
66,0.0947563585836033,0.6433491326687303,0.2013874353371082,0.060507073410556896,0.09125808,0.64095161,0.22551629,0.04227402
67,0.0960752322689564,0.6384255676598185,0.1997016451509629,0.0657975549202611,0.09125808,0.64095161,0.22551629,0.04227402
68,0.0913355112538016,0.6334105243462871,0.1994091846272128,0.0758447797726973,0.09125808,0.64095161,0.22551629,0.04227402
69,0.0932040519208655,0.6312298320155878,0.2018191518792647,0.0737469641842806,0.09125808,0.64095161,0.22551629,0.04227402
70,0.0912260926717232,0.6273395047400202,0.19718219508569268,0.08425220750256279,0.09125808,0.64095161,0.22551629,0.04227402
71,0.085688058350696,0.6422294989133789,0.20854280701805653,0.06353963571786769,0.09125808,0.64095161,0.22551629,0.04227402
72,0.0926010030082233,0.6352656367243629,0.2051110595347301,0.067022300732683,0.09125808,0.64095161,0.22551629,0.04227402
73,0.08932239904169209,0.6258264498455084,0.2071668773839617,0.0776842737288372,0.09125808,0.64095161,0.22551629,0.04227402
74,0.098573317678004,0.6314344015344789,0.2068115822138436,0.0631806985736723,0.09125808,0.64095161,0.22551629,0.04227402
75,0.0933551382008669,0.6309987143851463,0.19854191890021602,0.0771042285137699,0.09125808,0.64095161,0.22551629,0.04227402
76,0.0974417195672764,0.6360554517335475,0.19520413941327047,0.0712986892859044,0.09125808,0.64095161,0.22551629,0.04227402
77,0.10112786270862929,0.6469266520468591,0.1928310845606509,0.0591144006838599,0.09125808,0.64095161,0.22551629,0.04227402
78,0.09797092786584069,0.637927285618762,0.1981493644293253,0.0659524220860708,0.09125808,0.64095161,0.22551629,0.04227402
79,0.0937771793709368,0.6326028883691867,0.1969813433529437,0.07663858890693209,0.09125808,0.64095161,0.22551629,0.04227402
80,0.09747416701753281,0.6360836580042888,0.19564551623900542,0.0707966587391723,0.09125808,0.64095161,0.22551629,0.04227402
81,0.08847299671946529,0.6383313014164451,0.19824729180502082,0.0749484100590677,0.09125808,0.64095161,0.22551629,0.04227402
82,0.0971684902258325,0.6383166982546393,0.198207110326034,0.066307701193493,0.09125808,0.64095161,0.22551629,0.04227402
83,0.08830409013176199,0.6365051476694754,0.2083607456198709,0.0668300165788906,0.09125808,0.64095161,0.22551629,0.04227402
84,0.0914275262410057,0.6407685285228312,0.203767221313383,0.064036723922779,0.09125808,0.64095161,0.22551629,0.04227402
85,0.0921327917562228,0.6353044551227405,0.20178020614787812,0.0707825469731575,0.09125808,0.64095161,0.22551629,0.04227402
86,0.0938677165531777,0.6482356031491443,0.18830640680885208,0.0695902734888248,0.09125808,0.64095161,0.22551629,0.04227402
87,0.09383616230679459,0.6274509490352242,0.202164547770634,0.0765483408873461,0.09125808,0.64095161,0.22551629,0.04227402
88,0.0979409098661352,0.6432638396909449,0.19631057248005074,0.062484677962868204,0.09125808,0.64095161,0.22551629,0.04227402
89,0.08953044705537669,0.6386174978715453,0.21146210828263942,0.060389946790437396,0.09125808,0.64095161,0.22551629,0.04227402
90,0.0967806496827393,0.6435897644240945,0.198498038372778,0.0611315475203871,0.09125808,0.64095161,0.22551629,0.04227402
91,0.0942836242961314,0.6340849526456496,0.2007704887163863,0.0708609343418318,0.09125808,0.64095161,0.22551629,0.04227402
92,0.09208052969453881,0.6354887841439998,0.1954295040286636,0.07700118213279661,0.09125808,0.64095161,0.22551629,0.04227402
93,0.0928510576918353,0.6311042816699671,0.1989885368862483,0.0770561237519482,0.09125808,0.64095161,0.22551629,0.04227402
94,0.0932254175168431,0.6344137238845627,0.2011392666062632,0.07122159199233,0.09125808,0.64095161,0.22551629,0.04227402
95,0.09657693213265621,0.6377595773218606,0.19921236920857938,0.0664511213369025,0.09125808,0.64095161,0.22551629,0.04227402
96,0.0879711040346208,0.6343767061110586,0.20932942154513692,0.0683227683091827,0.09125808,0.64095161,0.22551629,0.04227402
97,0.0884727053232333,0.6325451791325762,0.2102516986166355,0.0687304169275536,0.09125808,0.64095161,0.22551629,0.04227402
98,0.09527882061117801,0.641301768777162,0.19932224970086182,0.0640971609107977,0.09125808,0.64095161,0.22551629,0.04227402
99,0.0926082793994754,0.6399887925920075,0.20180857863610802,0.0655943493724084,0.09125808,0.64095161,0.22551629,0.04227402
100,0.08597815571077469,0.6330952827844025,0.2111252265022186,0.0698013350026031,0.09125808,0.64095161,0.22551629,0.04227402
101,0.1051826643520539,0.6243319060424358,0.19752001616382842,0.0729654134416809,0.09125808,0.64095161,0.22551629,0.04227402
102,0.09446686402319221,0.6364283262202188,0.201531393130328,0.0675734166262601,0.09125808,0.64095161,0.22551629,0.04227402
103,0.0987331359099224,0.6477631202319677,0.19725926104257607,0.056244482815532494,0.09125808,0.64095161,0.22551629,0.04227402
104,0.0978033584008141,0.6425591049267154,0.2033454720333135,0.056292064639155696,0.09125808,0.64095161,0.22551629,0.04227402
105,0.08975784917370311,0.6283278121609951,0.2089214828368145,0.07299285582848611,0.09125808,0.64095161,0.22551629,0.04227402
106,0.0930044223252018,0.6340950368064139,0.2027453369460283,0.07015520392235519,0.09125808,0.64095161,0.22551629,0.04227402
107,0.08677528688742381,0.6296392445672647,0.19847001751664559,0.0851154510286651,0.09125808,0.64095161,0.22551629,0.04227402
108,0.1029698892500789,0.6356087414081852,0.1998204464321989,0.06160092290953589,0.09125808,0.64095161,0.22551629,0.04227402
109,0.0872268263536758,0.6444088812220773,0.20105861172635703,0.0673056806978884,0.09125808,0.64095161,0.22551629,0.04227402
110,0.0956243864173757,0.629778291234306,0.20429983548951022,0.0702974868588069,0.09125808,0.64095161,0.22551629,0.04227402
111,0.0913314898141444,0.636635981753535,0.20868769000874543,0.0633448384235747,0.09125808,0.64095161,0.22551629,0.04227402
112,0.0983591811719794,0.6348345172973787,0.1976158075094645,0.0691904940211765,0.09125808,0.64095161,0.22551629,0.04227402
113,0.09428138975691211,0.6290376664633014,0.2024417328966947,0.07423921088309099,0.09125808,0.64095161,0.22551629,0.04227402
114,0.09611117375726261,0.6385964145650618,0.2063938735624128,0.058898538115261495,0.09125808,0.64095161,0.22551629,0.04227402
115,0.0957457628612125,0.6397380130180759,0.2075116966771962,0.0570045274435145,0.09125808,0.64095161,0.22551629,0.04227402
116,0.0971555356068281,0.6296681190131732,0.2050138321388251,0.0681625132411722,0.09125808,0.64095161,0.22551629,0.04227402
117,0.0932935156230485,0.6402519568739231,0.201505538097894,0.0649489894051334,0.09125808,0.64095161,0.22551629,0.04227402
118,0.0977749017099577,0.6297153135588288,0.2029444549288969,0.06956532980231539,0.09125808,0.64095161,0.22551629,0.04227402
119,0.0928544961836214,0.644009130788556,0.2070217941683924,0.0561145788594295,0.09125808,0.64095161,0.22551629,0.04227402
120,0.08646128194439409,0.6280352998499614,0.20360698652842257,0.0818964316772208,0.09125808,0.64095161,0.22551629,0.04227402
121,0.0831805586592099,0.6450293080892402,0.2001810375364436,0.0716090957151053,0.09125808,0.64095161,0.22551629,0.04227402
122,0.0895492791550848,0.6333636210077883,0.2020501542344495,0.07503694560267629,0.09125808,0.64095161,0.22551629,0.04227402
123,0.0938990960176346,0.6249226302182621,0.20311340230283012,0.07806487146127211,0.09125808,0.64095161,0.22551629,0.04227402
124,0.09507205713720801,0.637939491586592,0.2035025887048139,0.0634858625713853,0.09125808,0.64095161,0.22551629,0.04227402
125,0.08189869582937939,0.6308782769154728,0.209534924416225,0.0776881028389218,0.09125808,0.64095161,0.22551629,0.04227402
126,0.0938720558386967,0.6357407704727638,0.2017646890005552,0.068622484687983,0.09125808,0.64095161,0.22551629,0.04227402
127,0.09166722882931899,0.6430896294067469,0.1939564435667829,0.0712866981971502,0.09125808,0.64095161,0.22551629,0.04227402
128,0.0938768537973893,0.6213576237699854,0.2011971572777414,0.083568365154883,0.09125808,0.64095161,0.22551629,0.04227402
129,0.0932103535106404,0.6313567596798709,0.2014294037928685,0.07400348301661899,0.09125808,0.64095161,0.22551629,0.04227402
130,0.0981153307315261,0.6368343789560357,0.197060058487664,0.0679902318247733,0.09125808,0.64095161,0.22551629,0.04227402
131,0.0948387911263796,0.6424684504257465,0.1961769203499173,0.0665158380979558,0.09125808,0.64095161,0.22551629,0.04227402
132,0.0895672824783289,0.6421024481372575,0.208580811223007,0.0597494581614056,0.09125808,0.64095161,0.22551629,0.04227402
133,0.1006515976136663,0.6353889438880154,0.2039976411021225,0.0599618173961948,0.09125808,0.64095161,0.22551629,0.04227402
134,0.09203915328788309,0.6329644937705685,0.2009633432821104,0.0740330096594369,0.09125808,0.64095161,0.22551629,0.04227402
135,0.1065678959885408,0.6357390690728627,0.1930813677618542,0.0646116671767412,0.09125808,0.64095161,0.22551629,0.04227402
136,0.0895144759583911,0.635375788421775,0.20662351456667172,0.0684862210531611,0.09125808,0.64095161,0.22551629,0.04227402
137,0.097304364339371,0.6294652645779153,0.19688182569443338,0.0763485453882793,0.09125808,0.64095161,0.22551629,0.04227402
138,0.0926024019363742,0.6353355906313974,0.2017148451721963,0.0703471622600309,0.09125808,0.64095161,0.22551629,0.04227402
139,0.0975667384831423,0.636293550813853,0.20037281267341892,0.06576689802958499,0.09125808,0.64095161,0.22551629,0.04227402
140,0.0873651854726363,0.6376324024236126,0.1973969935721149,0.077605418531635,0.09125808,0.64095161,0.22551629,0.04227402
141,0.0939867689051354,0.6319358043227515,0.2021426087913289,0.0719348179807833,0.09125808,0.64095161,0.22551629,0.04227402
142,0.0824433801670483,0.6326663498513985,0.20349598522550869,0.0813942847560439,0.09125808,0.64095161,0.22551629,0.04227402
143,0.0988254297078363,0.6435594752791958,0.2011508373841011,0.0564642576288656,0.09125808,0.64095161,0.22551629,0.04227402
144,0.09897147852183391,0.6413813076347211,0.1933293139627565,0.0663178998806877,0.09125808,0.64095161,0.22551629,0.04227402
145,0.08874755307069421,0.6402001854033308,0.2070964384201754,0.0639558231057988,0.09125808,0.64095161,0.22551629,0.04227402
146,0.1025717225329673,0.6355826740518316,0.1957327758520174,0.0661128275631827,0.09125808,0.64095161,0.22551629,0.04227402
147,0.0863463016942458,0.6450410056295737,0.2104327771382592,0.0581799155379204,0.09125808,0.64095161,0.22551629,0.04227402
148,0.0954809221213509,0.6352021075435266,0.19652708911926905,0.0727898812158521,0.09125808,0.64095161,0.22551629,0.04227402
149,0.0918719271308472,0.6399624147926081,0.2020830335506778,0.0660826245258655,0.09125808,0.64095161,0.22551629,0.04227402
150,0.0924868977220578,0.6323425858549574,0.2065343795084476,0.068636136914536,0.09125808,0.64095161,0.22551629,0.04227402
151,0.0976563061108641,0.6412423013812272,0.19340584224244659,0.0676955502654613,0.09125808,0.64095161,0.22551629,0.04227402
152,0.0822868149708709,0.6405989995052344,0.20438655790187502,0.0727276276220185,0.09125808,0.64095161,0.22551629,0.04227402
153,0.0924617989977008,0.6453282729007496,0.1944828611079893,0.06772706699355871,0.09125808,0.64095161,0.22551629,0.04227402
154,0.0890553420773458,0.6344200859156384,0.20337455807959462,0.0731500139274203,0.09125808,0.64095161,0.22551629,0.04227402
155,0.07977295992101849,0.6323207745844278,0.2049158955348468,0.0829903699597059,0.09125808,0.64095161,0.22551629,0.04227402
156,0.0974339286583269,0.6286771476482541,0.19607885506053352,0.0778100686328846,0.09125808,0.64095161,0.22551629,0.04227402
157,0.0927322909792009,0.6395102317715058,0.1925564567202111,0.0752010205290811,0.09125808,0.64095161,0.22551629,0.04227402
158,0.0937145844175451,0.6359390569740849,0.20303381598810027,0.0673125426202684,0.09125808,0.64095161,0.22551629,0.04227402
159,0.09415791347351869,0.6368724499550114,0.19876893761775988,0.0702006989537089,0.09125808,0.64095161,0.22551629,0.04227402
160,0.0972445196423928,0.620209548498296,0.2028596149335554,0.07968631692575509,0.09125808,0.64095161,0.22551629,0.04227402
161,0.0948549710773531,0.6414914221030759,0.20315149172816138,0.0605021150914085,0.09125808,0.64095161,0.22551629,0.04227402
162,0.10001477285482599,0.6444222864082083,0.1894494974553863,0.0661134432815784,0.09125808,0.64095161,0.22551629,0.04227402
163,0.0951164420570469,0.6375635046639488,0.2016644981859745,0.06565555509302849,0.09125808,0.64095161,0.22551629,0.04227402
164,0.0958005290805317,0.6295311491502601,0.198134902858202,0.076533418911005,0.09125808,0.64095161,0.22551629,0.04227402
165,0.0941187830326662,0.6336621529259293,0.2022642405140142,0.0699548235273891,0.09125808,0.64095161,0.22551629,0.04227402
166,0.0942621529033163,0.6295360847894539,0.1993305945163129,0.0768711677909156,0.09125808,0.64095161,0.22551629,0.04227402
167,0.09402158750962919,0.6417833024274091,0.19462359333606133,0.06957151672689921,0.09125808,0.64095161,0.22551629,0.04227402
168,0.09436517874184461,0.633094826627115,0.202911741104498,0.0696282535265411,0.09125808,0.64095161,0.22551629,0.04227402
169,0.09317590029383721,0.6390782266838965,0.19982020559814298,0.0679256674241224,0.09125808,0.64095161,0.22551629,0.04227402
170,0.09619268642332969,0.6438121299401581,0.19586983172211858,0.0641253519143928,0.09125808,0.64095161,0.22551629,0.04227402
171,0.091215594674998,0.630847202298739,0.2008289593947276,0.0771082436315345,0.09125808,0.64095161,0.22551629,0.04227402
172,0.0918999054467841,0.6454866666930859,0.2006681940359688,0.0619452338241602,0.09125808,0.64095161,0.22551629,0.04227402
173,0.0886573042941005,0.6400326438167544,0.2104953704220353,0.0608146814671089,0.09125808,0.64095161,0.22551629,0.04227402
174,0.08838965249955359,0.6353213080547027,0.2058672408753015,0.0704217985704414,0.09125808,0.64095161,0.22551629,0.04227402
175,0.08566195850314459,0.6319522212587486,0.2070536469581881,0.0753321732799176,0.09125808,0.64095161,0.22551629,0.04227402
176,0.0850243901196523,0.637651968613023,0.2112451858051243,0.0660784554621994,0.09125808,0.64095161,0.22551629,0.04227402
177,0.09333405847364559,0.6341286952538294,0.1984095064177833,0.07412773985474069,0.09125808,0.64095161,0.22551629,0.04227402
178,0.0927561118539285,0.6357178034979385,0.2027215739073017,0.0688045107408303,0.09125808,0.64095161,0.22551629,0.04227402
179,0.094742052525041,0.6412280651519613,0.19719412783887563,0.0668357544841208,0.09125808,0.64095161,0.22551629,0.04227402
180,0.0926221731989223,0.627337076791282,0.2070070617297365,0.0730336882800578,0.09125808,0.64095161,0.22551629,0.04227402
181,0.09539093356952551,0.6283006683169633,0.20554111632163483,0.0707672817918753,0.09125808,0.64095161,0.22551629,0.04227402
182,0.0882958085766853,0.6275266302084622,0.20733741798264377,0.0768401432322077,0.09125808,0.64095161,0.22551629,0.04227402
183,0.09179695222487799,0.6435628546138964,0.1981642723955546,0.0664759207656697,0.09125808,0.64095161,0.22551629,0.04227402
184,0.0892861045724998,0.6385730930312892,0.2024421764823174,0.0696986259138926,0.09125808,0.64095161,0.22551629,0.04227402
185,0.0939965841826243,0.6272335752539836,0.20427480202291282,0.07449503854047809,0.09125808,0.64095161,0.22551629,0.04227402
186,0.0961799874688411,0.627637949252599,0.2007258847788795,0.0754561784996795,0.09125808,0.64095161,0.22551629,0.04227402
187,0.0980596359160043,0.6238640271740804,0.2011355408074547,0.0769407961024591,0.09125808,0.64095161,0.22551629,0.04227402
188,0.09452408916692889,0.6399047815454436,0.1949324097480497,0.0706387195395771,0.09125808,0.64095161,0.22551629,0.04227402
189,0.08744625936225009,0.6379024037806997,0.2107050940917439,0.0639462427653053,0.09125808,0.64095161,0.22551629,0.04227402
190,0.0928948121321364,0.641229906876766,0.19893911462134228,0.0669361663697542,0.09125808,0.64095161,0.22551629,0.04227402
191,0.09951478150362231,0.6330381985686956,0.1981319668934688,0.0693150530342124,0.09125808,0.64095161,0.22551629,0.04227402
192,0.08861379034679509,0.6462454415436671,0.2088946254149619,0.0562461426945752,0.09125808,0.64095161,0.22551629,0.04227402
193,0.09238071256975769,0.6477607951934212,0.1973231131227843,0.0625353791140361,0.09125808,0.64095161,0.22551629,0.04227402
194,0.1005089592977807,0.6385710701567096,0.1950913875215063,0.06582858302400249,0.09125808,0.64095161,0.22551629,0.04227402
195,0.0983073524800265,0.6241956736015906,0.2007582114025673,0.0767387625158144,0.09125808,0.64095161,0.22551629,0.04227402
196,0.08903113466643181,0.6316507479391809,0.20078545082404622,0.0785326665703401,0.09125808,0.64095161,0.22551629,0.04227402
197,0.08732868624768769,0.6327658411980528,0.2052091514356951,0.0746963211185635,0.09125808,0.64095161,0.22551629,0.04227402
198,0.094834891561391,0.6348567623177782,0.19870300192692558,0.0716053441939041,0.09125808,0.64095161,0.22551629,0.04227402
199,0.0884684296610928,0.6345514179275851,0.200236555126386,0.076743597284935,0.09125808,0.64095161,0.22551629,0.04227402
200,0.70388069782236,0.079287970985427,0.0831948982743587,0.1336364329178539,0.82520507,0.03607365,0.01560957,0.12311171
201,0.7233527002590583,0.07811099450414351,0.0717102514268912,0.1268260538099062,0.82520507,0.03607365,0.01560957,0.12311171
202,0.7270275050536794,0.10973605605452601,0.07505605839805231,0.0881803804937416,0.82520507,0.03607365,0.01560957,0.12311171
203,0.6986483745622392,0.08117833434545631,0.0788803439756013,0.1412929471167026,0.82520507,0.03607365,0.01560957,0.12311171
204,0.7336733417639181,0.0805589412740813,0.050933598818158295,0.1348341181438419,0.82520507,0.03607365,0.01560957,0.12311171
205,0.7249168514742852,0.0772557114392873,0.0594099090244487,0.1384175280619777,0.82520507,0.03607365,0.01560957,0.12311171
206,0.7571620050594974,0.0747681700506392,0.0407275577034196,0.1273422671864434,0.82520507,0.03607365,0.01560957,0.12311171
207,0.7128941908529036,0.0743571066067539,0.0819672258603142,0.1307814766800275,0.82520507,0.03607365,0.01560957,0.12311171
208,0.7235575956171216,0.0880721618459775,0.0647669294616273,0.1236033130752728,0.82520507,0.03607365,0.01560957,0.12311171
209,0.7168937676831001,0.10029857752454199,0.0698005024396425,0.11300715235271491,0.82520507,0.03607365,0.01560957,0.12311171
210,0.6927164774947925,0.10494853542444238,0.0813104212774913,0.12102456580327339,0.82520507,0.03607365,0.01560957,0.12311171
211,0.719804224897985,0.0829205513005412,0.06002053847987909,0.1372546853215941,0.82520507,0.03607365,0.01560957,0.12311171
212,0.6892489333162362,0.08260634116877111,0.1013905274208297,0.1267541980941622,0.82520507,0.03607365,0.01560957,0.12311171
213,0.6923484116808473,0.10210853073902831,0.0688279468476923,0.1367151107324313,0.82520507,0.03607365,0.01560957,0.12311171
214,0.7539552906312713,0.1139126018677256,0.0475092718127729,0.0846228356882299,0.82520507,0.03607365,0.01560957,0.12311171
215,0.7494792998738039,0.0796099708447182,0.046690945811870894,0.1242197834696063,0.82520507,0.03607365,0.01560957,0.12311171
216,0.7212126597107217,0.08105251699746809,0.05964783353236631,0.1380869897594433,0.82520507,0.03607365,0.01560957,0.12311171
217,0.6845469773278697,0.08408049424080791,0.08160683993588269,0.1497656884954392,0.82520507,0.03607365,0.01560957,0.12311171
218,0.6927104208885437,0.09268142734066999,0.08473207036974639,0.12987608140103898,0.82520507,0.03607365,0.01560957,0.12311171
219,0.6924050401921255,0.09124118618579749,0.0731572895698053,0.143196484052271,0.82520507,0.03607365,0.01560957,0.12311171
220,0.726619893114999,0.08862889333736321,0.0799298600667271,0.1048213534809099,0.82520507,0.03607365,0.01560957,0.12311171
221,0.7250722117122924,0.0855999061974746,0.0614097622020683,0.127918119888164,0.82520507,0.03607365,0.01560957,0.12311171
222,0.7342783397035592,0.0892155719683794,0.059364551216581594,0.1171415371114791,0.82520507,0.03607365,0.01560957,0.12311171
223,0.7138957982246534,0.07392502982567821,0.078043879852081,0.13413529209758632,0.82520507,0.03607365,0.01560957,0.12311171
224,0.7240941643754075,0.0800508570322741,0.0597838315642743,0.13607114702804318,0.82520507,0.03607365,0.01560957,0.12311171
225,0.6894271778802454,0.09203347830649498,0.0852564823683174,0.1332828614449416,0.82520507,0.03607365,0.01560957,0.12311171
226,0.752698663035495,0.10464776718230528,0.046798848372823304,0.09585472140937559,0.82520507,0.03607365,0.01560957,0.12311171
227,0.6965077814552294,0.09832794504166611,0.0820772640497748,0.12308700945332901,0.82520507,0.03607365,0.01560957,0.12311171
228,0.7155240776816633,0.0872014681257189,0.0648978211926414,0.13237663299997549,0.82520507,0.03607365,0.01560957,0.12311171
229,0.7370272780345102,0.1083711349935998,0.0523550877908418,0.1022464991810475,0.82520507,0.03607365,0.01560957,0.12311171
230,0.7115911393267144,0.1145607681908947,0.06675064512750031,0.1070974473548898,0.82520507,0.03607365,0.01560957,0.12311171
231,0.7033271417277458,0.08924426765249721,0.06829426759045991,0.1391343230292965,0.82520507,0.03607365,0.01560957,0.12311171
232,0.7507017491848719,0.0811413421767567,0.0569745620848198,0.11118234655355089,0.82520507,0.03607365,0.01560957,0.12311171
233,0.7477077370866216,0.106912050575662,0.0569652933642685,0.088414918973447,0.82520507,0.03607365,0.01560957,0.12311171
234,0.7001177932748235,0.09382242637169919,0.08054791788075,0.1255118624727265,0.82520507,0.03607365,0.01560957,0.12311171
235,0.7109393072971567,0.0865104490112813,0.0779723884077777,0.1245778552837835,0.82520507,0.03607365,0.01560957,0.12311171
236,0.7472444653609475,0.089900348758274,0.0588978476731858,0.103957338207592,0.82520507,0.03607365,0.01560957,0.12311171
237,0.684414729906076,0.11683749615825939,0.09386747698723201,0.1048802969484319,0.82520507,0.03607365,0.01560957,0.12311171
238,0.7364906164339504,0.1088203511861265,0.046492978558529,0.1081960538213934,0.82520507,0.03607365,0.01560957,0.12311171
239,0.7417244144526347,0.1093340710126018,0.0610548761583247,0.08788663837643809,0.82520507,0.03607365,0.01560957,0.12311171
240,0.7521938728450921,0.0802566080881504,0.049160120983108097,0.11838939808364879,0.82520507,0.03607365,0.01560957,0.12311171
241,0.6748566768342275,0.08694384689892021,0.0895829483072422,0.14861652795960942,0.82520507,0.03607365,0.01560957,0.12311171
242,0.7164384611127667,0.10436643774851519,0.0708350667010468,0.1083600344376707,0.82520507,0.03607365,0.01560957,0.12311171
243,0.6989006800315294,0.0987593146100767,0.0903336759552852,0.1120063294031079,0.82520507,0.03607365,0.01560957,0.12311171
244,0.7608235022813088,0.1099149698585724,0.0497021512366638,0.0795593766234545,0.82520507,0.03607365,0.01560957,0.12311171
245,0.7131353794417676,0.0829249551095441,0.0740253029504349,0.1299143624982526,0.82520507,0.03607365,0.01560957,0.12311171
246,0.7081070613934356,0.1029831979395322,0.0669704426835598,0.1219392979834717,0.82520507,0.03607365,0.01560957,0.12311171
247,0.6805073310581169,0.09321366417263699,0.0890233521622,0.1372556526070453,0.82520507,0.03607365,0.01560957,0.12311171
248,0.7249553131422264,0.0941210079953371,0.0678955003496615,0.11302817851277411,0.82520507,0.03607365,0.01560957,0.12311171
249,0.7133034613163407,0.0745045440868648,0.06784830982424339,0.1443436847725506,0.82520507,0.03607365,0.01560957,0.12311171
250,0.7012960484698053,0.07445996091364751,0.08175028632209791,0.1424937042944486,0.82520507,0.03607365,0.01560957,0.12311171
251,0.6783358375246658,0.06245904087765079,0.0910275524236267,0.1681775691740561,0.82520507,0.03607365,0.01560957,0.12311171
252,0.6975856335563763,0.0792056026784198,0.0823576870724523,0.1408510766927509,0.82520507,0.03607365,0.01560957,0.12311171
253,0.7420760660640096,0.0800832842314861,0.06751990026525691,0.11032074943924669,0.82520507,0.03607365,0.01560957,0.12311171
254,0.7287313406810927,0.10248967858334511,0.065734076807148,0.1030449039284136,0.82520507,0.03607365,0.01560957,0.12311171
255,0.7419891204720439,0.1050531925583152,0.06408669583941429,0.0888709911302257,0.82520507,0.03607365,0.01560957,0.12311171
256,0.7034282876406005,0.07019957437930549,0.07138444194917229,0.15498769603092108,0.82520507,0.03607365,0.01560957,0.12311171
257,0.7383243176770375,0.08822744135117559,0.0596076605975268,0.1138405803742597,0.82520507,0.03607365,0.01560957,0.12311171
258,0.7568902619177769,0.10801458199843379,0.0444346918805233,0.0906604642032656,0.82520507,0.03607365,0.01560957,0.12311171
259,0.6976807757177445,0.08299386389160471,0.0804263528639682,0.1388990075266821,0.82520507,0.03607365,0.01560957,0.12311171
260,0.7506428258886646,0.0999756145263539,0.051812548128097304,0.0975690114568834,0.82520507,0.03607365,0.01560957,0.12311171
261,0.686259678393942,0.07592006697251871,0.0982049305811666,0.1396153240523719,0.82520507,0.03607365,0.01560957,0.12311171
262,0.7047716987071522,0.1049222860355398,0.061238780701954494,0.1290672345553526,0.82520507,0.03607365,0.01560957,0.12311171
263,0.704173347409467,0.0741417266898366,0.081252341314982,0.14043258458571362,0.82520507,0.03607365,0.01560957,0.12311171
264,0.7494348048307381,0.055693910503727094,0.043873014951743304,0.1509982697137907,0.82520507,0.03607365,0.01560957,0.12311171
265,0.7143110268930666,0.1027685461301466,0.06134934503271999,0.1215710819440661,0.82520507,0.03607365,0.01560957,0.12311171
266,0.7168761520471524,0.10064038719819071,0.070328589228057,0.11215487152659939,0.82520507,0.03607365,0.01560957,0.12311171
267,0.7512153405752116,0.0820404274065187,0.05017056979341617,0.1165736622248528,0.82520507,0.03607365,0.01560957,0.12311171
268,0.6907631480392078,0.09818824694672601,0.08560146298057579,0.1254471420334896,0.82520507,0.03607365,0.01560957,0.12311171
269,0.7517001227618231,0.0804232371659744,0.0625044750847983,0.10537216498740379,0.82520507,0.03607365,0.01560957,0.12311171
270,0.7014250315832639,0.09768143900435008,0.08480258863740409,0.11609094077498111,0.82520507,0.03607365,0.01560957,0.12311171
271,0.6877165585514415,0.0686926513821977,0.0957959584335979,0.1477948316327618,0.82520507,0.03607365,0.01560957,0.12311171
272,0.6878643439871158,0.08017530600883581,0.0827506620396417,0.149209687964406,0.82520507,0.03607365,0.01560957,0.12311171
273,0.7233545281619826,0.0927532335183088,0.0584318762883991,0.12546036203130861,0.82520507,0.03607365,0.01560957,0.12311171
274,0.6971343957999919,0.09211198633105888,0.0753259983296786,0.1354276195392699,0.82520507,0.03607365,0.01560957,0.12311171
275,0.6957639725225836,0.0935972370629048,0.0797668752575521,0.1308719151569585,0.82520507,0.03607365,0.01560957,0.12311171
276,0.7115423511516742,0.10067561358690108,0.0774051027825389,0.110376932478885,0.82520507,0.03607365,0.01560957,0.12311171
277,0.6963672700049944,0.1023346296976508,0.0817955048495115,0.1195025954478427,0.82520507,0.03607365,0.01560957,0.12311171
278,0.6958784215701489,0.0882887810645818,0.10057070015814311,0.1152620972071253,0.82520507,0.03607365,0.01560957,0.12311171
279,0.7284812858805355,0.0920463449848322,0.06791459884148249,0.11155777029314909,0.82520507,0.03607365,0.01560957,0.12311171
280,0.7395835261534146,0.0817232306500207,0.0449040194547934,0.1337892237417706,0.82520507,0.03607365,0.01560957,0.12311171
281,0.7115192119859529,0.1115249409229126,0.085946195439823,0.0910096516513109,0.82520507,0.03607365,0.01560957,0.12311171
282,0.7631502958755706,0.0941274431883746,0.0373270899745618,0.10539517096149251,0.82520507,0.03607365,0.01560957,0.12311171
283,0.7537436723392492,0.0972600044665361,0.0622839618754898,0.086712361318724,0.82520507,0.03607365,0.01560957,0.12311171
284,0.7156584361133863,0.08403371292322169,0.0712233498794976,0.1290845010838936,0.82520507,0.03607365,0.01560957,0.12311171
285,0.7189382138107256,0.08115770224734879,0.0573476850093066,0.1425563989326181,0.82520507,0.03607365,0.01560957,0.12311171
286,0.7062542963799909,0.057484860978670005,0.08475469579091979,0.1515061468504186,0.82520507,0.03607365,0.01560957,0.12311171
287,0.7476605194657334,0.092855134554617,0.0547935886256834,0.10469075735396549,0.82520507,0.03607365,0.01560957,0.12311171
288,0.7119563448385808,0.08565104602751389,0.0692069670764214,0.1331856420574833,0.82520507,0.03607365,0.01560957,0.12311171
289,0.7284200374984644,0.09259896387786648,0.06404861942650561,0.1149323791971628,0.82520507,0.03607365,0.01560957,0.12311171
290,0.7320664281158412,0.08738942319541149,0.0628349254471091,0.11770922324163739,0.82520507,0.03607365,0.01560957,0.12311171
291,0.7069093749952797,0.0641935851380188,0.0642964068250623,0.1646006330416385,0.82520507,0.03607365,0.01560957,0.12311171
292,0.7422117891877598,0.12105845756159841,0.054502380080990606,0.0822273731696503,0.82520507,0.03607365,0.01560957,0.12311171
293,0.764293128514313,0.1069933379568106,0.0399550656085929,0.08875846792028311,0.82520507,0.03607365,0.01560957,0.12311171
294,0.7319638372805622,0.07674562506898949,0.053877861175597994,0.13741267647485,0.82520507,0.03607365,0.01560957,0.12311171
295,0.741278972022457,0.10257596894483868,0.0671182988562315,0.08902676017647221,0.82520507,0.03607365,0.01560957,0.12311171
296,0.7260705143907474,0.07557632217110799,0.0614216539120509,0.1369315095260927,0.82520507,0.03607365,0.01560957,0.12311171
297,0.723609446574062,0.06781573110407589,0.0714084282837199,0.13716639403814118,0.82520507,0.03607365,0.01560957,0.12311171
298,0.7138300139882865,0.0848171468908291,0.057973023749343905,0.1433798153715399,0.82520507,0.03607365,0.01560957,0.12311171
299,0.7168913925893524,0.09478024058046089,0.0782883634941597,0.1100400033360259,0.82520507,0.03607365,0.01560957,0.12311171
300,0.6829383339490976,0.0842243968716104,0.0707225788760072,0.16211469030328401,0.82520507,0.03607365,0.01560957,0.12311171
301,0.6889324151844046,0.08716468803817201,0.09041406726132141,0.1334888295161016,0.82520507,0.03607365,0.01560957,0.12311171
302,0.7097388826555521,0.0976280667767662,0.07076307444755561,0.1218699761201254,0.82520507,0.03607365,0.01560957,0.12311171
303,0.7248681676337042,0.0875406134501382,0.0700708245620829,0.11752039435407419,0.82520507,0.03607365,0.01560957,0.12311171
304,0.7411874143914544,0.08985438838118859,0.0553397086199923,0.1136184886073637,0.82520507,0.03607365,0.01560957,0.12311171
305,0.7301566301840136,0.0758093121819217,0.0711157015987349,0.12291835603532911,0.82520507,0.03607365,0.01560957,0.12311171
306,0.7359161842411379,0.1058811256377915,0.0499362133794451,0.1082664767416248,0.82520507,0.03607365,0.01560957,0.12311171
307,0.7403465344472916,0.09100285642481029,0.060063093626957706,0.10858751550093951,0.82520507,0.03607365,0.01560957,0.12311171
308,0.7356204410065097,0.10292449266887446,0.048765840410203,0.1126892259144123,0.82520507,0.03607365,0.01560957,0.12311171
309,0.7108769895105935,0.0655058325414603,0.0767179573242331,0.1468992206237122,0.82520507,0.03607365,0.01560957,0.12311171
310,0.7330573477833735,0.07709264357904469,0.0661591168198081,0.1236908918177729,0.82520507,0.03607365,0.01560957,0.12311171
311,0.7121254921233705,0.0770276729834944,0.06330638524130461,0.14754044965183,0.82520507,0.03607365,0.01560957,0.12311171
312,0.7178124677954603,0.10319400278464289,0.0672747906331363,0.11171873878675981,0.82520507,0.03607365,0.01560957,0.12311171
313,0.685397920547139,0.09764254495430871,0.095876244521026,0.1210832899775256,0.82520507,0.03607365,0.01560957,0.12311171
314,0.7210520931840785,0.0990226765549564,0.060905886792283204,0.1190193434686814,0.82520507,0.03607365,0.01560957,0.12311171
315,0.6896239654352881,0.08610696781831921,0.0759903183320904,0.1482787484143015,0.82520507,0.03607365,0.01560957,0.12311171
316,0.6854822365351745,0.0843613156889256,0.0864521797185592,0.1437042680573398,0.82520507,0.03607365,0.01560957,0.12311171
317,0.7638592674491184,0.07398421096370529,0.0385206352895882,0.12363588629758751,0.82520507,0.03607365,0.01560957,0.12311171
318,0.7226705848868817,0.10145916239988441,0.0800174037581885,0.09585284895504431,0.82520507,0.03607365,0.01560957,0.12311171
319,0.7065043812954186,0.06855884876772461,0.0712082718840124,0.1537284980528438,0.82520507,0.03607365,0.01560957,0.12311171
320,0.7073877659992154,0.0749278456599653,0.0840942927181977,0.13359009562262109,0.82520507,0.03607365,0.01560957,0.12311171
321,0.7051328016868931,0.0712703737828666,0.0816220676065484,0.1419747569236911,0.82520507,0.03607365,0.01560957,0.12311171
322,0.7242485341830668,0.0941846751757458,0.07101361849332301,0.1105531721478635,0.82520507,0.03607365,0.01560957,0.12311171
323,0.716277507699141,0.08615270634118441,0.0684207327802965,0.1291490531793773,0.82520507,0.03607365,0.01560957,0.12311171
324,0.7074101666938426,0.0626000992233254,0.0737217618712322,0.1562679722115991,0.82520507,0.03607365,0.01560957,0.12311171
325,0.7080759666716737,0.073611748939042,0.0517753130450987,0.1665369713441848,0.82520507,0.03607365,0.01560957,0.12311171
326,0.7389931237628953,0.07832764465622201,0.0596868130388056,0.12299241854207679,0.82520507,0.03607365,0.01560957,0.12311171
327,0.732916512510935,0.10307918059765749,0.0478193489908851,0.1161849579005218,0.82520507,0.03607365,0.01560957,0.12311171
328,0.736101512178613,0.095833839375374,0.05558786839972249,0.1124767800462899,0.82520507,0.03607365,0.01560957,0.12311171
329,0.7147206541337192,0.09051654376367271,0.07579172515792201,0.11897107694468509,0.82520507,0.03607365,0.01560957,0.12311171
330,0.7075166261721827,0.108431661446724,0.07540002569034479,0.1086516866907476,0.82520507,0.03607365,0.01560957,0.12311171
331,0.7060937014934608,0.0939703058933828,0.0631492402163792,0.1367867523967765,0.82520507,0.03607365,0.01560957,0.12311171
332,0.7470990813037912,0.1037082289612085,0.055097571566072104,0.0940951181689277,0.82520507,0.03607365,0.01560957,0.12311171
333,0.714699076790944,0.0683489111066735,0.067225934123196,0.1497260779791857,0.82520507,0.03607365,0.01560957,0.12311171
334,0.7402934807621857,0.0765267894267744,0.0632565278263832,0.11992320198465589,0.82520507,0.03607365,0.01560957,0.12311171
335,0.6897025369675941,0.0703855741333045,0.0742679954985828,0.1656438934005179,0.82520507,0.03607365,0.01560957,0.12311171
336,0.6951639720866528,0.1160973695012331,0.0860913116152925,0.10264734679682119,0.82520507,0.03607365,0.01560957,0.12311171
337,0.7492441652989961,0.0858525059259587,0.0499353713827699,0.11496795739227439,0.82520507,0.03607365,0.01560957,0.12311171
338,0.7005603108225755,0.0844062891100119,0.0769920319919965,0.1380413680754154,0.82520507,0.03607365,0.01560957,0.12311171
339,0.7478722211155229,0.09878824616299331,0.0598653146830847,0.0934742180383984,0.82520507,0.03607365,0.01560957,0.12311171
340,0.7390727647654285,0.0953577609562238,0.058830509238902796,0.1067389650394441,0.82520507,0.03607365,0.01560957,0.12311171
341,0.6895519729975466,0.09217242301990512,0.0939926128339065,0.1242829911486413,0.82520507,0.03607365,0.01560957,0.12311171
342,0.6962208399407936,0.0866518413492547,0.0846971308510801,0.1324301878588705,0.82520507,0.03607365,0.01560957,0.12311171
343,0.7575404362153293,0.1137308256034642,0.0515978623195132,0.0771308758616928,0.82520507,0.03607365,0.01560957,0.12311171
344,0.7154841296537994,0.0847875727574084,0.07741319465444671,0.12231510293434489,0.82520507,0.03607365,0.01560957,0.12311171
345,0.7036726675646084,0.0690331562166969,0.0866554171900515,0.1406387590286425,0.82520507,0.03607365,0.01560957,0.12311171
346,0.7233567246437459,0.08403416416253251,0.0725687061844594,0.12004040500926141,0.82520507,0.03607365,0.01560957,0.12311171
347,0.7442705731785529,0.0812278832896565,0.0483060027721567,0.1261955407596331,0.82520507,0.03607365,0.01560957,0.12311171
348,0.728594959929642,0.0813044308110978,0.0609733431361068,0.12912726612315312,0.82520507,0.03607365,0.01560957,0.12311171
349,0.7313909156279139,0.0798249725869931,0.05999036704591171,0.1287937447391807,0.82520507,0.03607365,0.01560957,0.12311171
350,0.7374346637561131,0.09810787577960829,0.066346519470777,0.09811094099350079,0.82520507,0.03607365,0.01560957,0.12311171
351,0.7598830590430413,0.0998299561078869,0.0462988925535785,0.0939880922954926,0.82520507,0.03607365,0.01560957,0.12311171
352,0.695655029967634,0.09055824034964892,0.08713825008726639,0.12664847959545011,0.82520507,0.03607365,0.01560957,0.12311171
353,0.7225496176710464,0.10697769336254039,0.06074873479721091,0.1097239541692015,0.82520507,0.03607365,0.01560957,0.12311171
354,0.7170836309440055,0.0751909642253154,0.0644721293999168,0.1432532754307616,0.82520507,0.03607365,0.01560957,0.12311171
355,0.7360125029485336,0.0934687041521779,0.055493011367666004,0.11502578153162171,0.82520507,0.03607365,0.01560957,0.12311171
356,0.7140932075453728,0.0853282360706219,0.0760572838688847,0.1245212725151198,0.82520507,0.03607365,0.01560957,0.12311171
357,0.738519473653426,0.10463025088857951,0.0560638204672413,0.10078645499075209,0.82520507,0.03607365,0.01560957,0.12311171
358,0.7527056173296425,0.1034842392271019,0.0372642510235985,0.10654589241965651,0.82520507,0.03607365,0.01560957,0.12311171
359,0.728678263188399,0.10305351942634279,0.0608048960220611,0.10746332136319639,0.82520507,0.03607365,0.01560957,0.12311171
360,0.7202916951533314,0.07621723130450508,0.0604054856093198,0.143085587932843,0.82520507,0.03607365,0.01560957,0.12311171
361,0.7093915294132888,0.10417289181356419,0.0813049445257034,0.1051306342474431,0.82520507,0.03607365,0.01560957,0.12311171
362,0.7040041250514403,0.09713697507162639,0.0760541876940989,0.1228047121828337,0.82520507,0.03607365,0.01560957,0.12311171
363,0.7195863257782994,0.09081580093729158,0.0735648994143035,0.1160329738701047,0.82520507,0.03607365,0.01560957,0.12311171
364,0.7390538183796176,0.0829798974213801,0.0476188346049475,0.1303474495940545,0.82520507,0.03607365,0.01560957,0.12311171
365,0.7493310167358039,0.0783185520543433,0.050032422334715,0.1223180088751368,0.82520507,0.03607365,0.01560957,0.12311171
366,0.7345891484774144,0.09748084571858609,0.06061283654367731,0.1073171692603214,0.82520507,0.03607365,0.01560957,0.12311171
367,0.7303145139708667,0.1011811368817467,0.0460469343871685,0.1224574147602175,0.82520507,0.03607365,0.01560957,0.12311171
368,0.7238958674262825,0.0691412181592048,0.057332877615473704,0.1496300367990385,0.82520507,0.03607365,0.01560957,0.12311171
369,0.6944030452360256,0.106453106926924,0.0641309534176447,0.1350128944194052,0.82520507,0.03607365,0.01560957,0.12311171
370,0.7348786669075212,0.085470281460264,0.06588292715284,0.1137681244793741,0.82520507,0.03607365,0.01560957,0.12311171
371,0.7284978037518538,0.1148501221651074,0.07941130263978259,0.07724077144325539,0.82520507,0.03607365,0.01560957,0.12311171
372,0.7641990880912869,0.0907341492779763,0.056811415761544796,0.0882553468691915,0.82520507,0.03607365,0.01560957,0.12311171
373,0.7458984768660365,0.08037215618429511,0.0479756299213395,0.12575373702832782,0.82520507,0.03607365,0.01560957,0.12311171
374,0.7057180333006723,0.08624752903471744,0.0733757856799212,0.13465865198468818,0.82520507,0.03607365,0.01560957,0.12311171
375,0.7053190334707072,0.1008188118528123,0.0768946218400196,0.1169675328364598,0.82520507,0.03607365,0.01560957,0.12311171
376,0.7019643994751258,0.0683967700716507,0.073302585774888,0.1563362446783348,0.82520507,0.03607365,0.01560957,0.12311171
377,0.751587496857934,0.10311182685882019,0.0531212442490676,0.09217943203417761,0.82520507,0.03607365,0.01560957,0.12311171
378,0.769067658602227,0.107062523453261,0.044459765273926505,0.0794100526705848,0.82520507,0.03607365,0.01560957,0.12311171
379,0.7169626272411581,0.09150441802132869,0.0701193483817741,0.1214136063557388,0.82520507,0.03607365,0.01560957,0.12311171
380,0.6958886380190252,0.07656125274234471,0.0810585552960837,0.1464915539425456,0.82520507,0.03607365,0.01560957,0.12311171
381,0.7490047780999138,0.09662147329569219,0.051558763096523304,0.10281498550787,0.82520507,0.03607365,0.01560957,0.12311171
382,0.6909704871785401,0.08853593403353051,0.094978715279342,0.1255148635085864,0.82520507,0.03607365,0.01560957,0.12311171
383,0.6805513092360491,0.07489118751385619,0.09046395558816539,0.154093547661929,0.82520507,0.03607365,0.01560957,0.12311171
384,0.7283445973317413,0.0749274048604019,0.07081616773472821,0.1259118300731278,0.82520507,0.03607365,0.01560957,0.12311171
385,0.7054004670896951,0.0659747418070182,0.07788215521514359,0.1507426358881423,0.82520507,0.03607365,0.01560957,0.12311171
386,0.6893304923141247,0.07781320996079241,0.078804715617113,0.1540515821079693,0.82520507,0.03607365,0.01560957,0.12311171
387,0.7363477196847174,0.08202270221350619,0.0591177342878666,0.12251184381390941,0.82520507,0.03607365,0.01560957,0.12311171
388,0.7001783277519927,0.07172076601356289,0.0749664577805465,0.1531344484538973,0.82520507,0.03607365,0.01560957,0.12311171
389,0.7523827467111486,0.11035635763939491,0.0412487063049987,0.09601218934445721,0.82520507,0.03607365,0.01560957,0.12311171
390,0.7071626715108629,0.09872869901916739,0.0797547054503566,0.1143539240196125,0.82520507,0.03607365,0.01560957,0.12311171
391,0.6987408669997978,0.1095189014608404,0.0846032818186003,0.1071369497207608,0.82520507,0.03607365,0.01560957,0.12311171
392,0.7570844534135197,0.1111345135973188,0.0538005117107258,0.0779805212784348,0.82520507,0.03607365,0.01560957,0.12311171
393,0.6939827818845177,0.089157735228183,0.0865413095768181,0.1303181733104805,0.82520507,0.03607365,0.01560957,0.12311171
394,0.7087129852137689,0.0731675270347796,0.08212825981000879,0.1359912279414423,0.82520507,0.03607365,0.01560957,0.12311171
395,0.6845053315087852,0.08756714219955429,0.0721275785657812,0.1557999477258783,0.82520507,0.03607365,0.01560957,0.12311171
396,0.7213693105403264,0.1204044258476981,0.0642804143477009,0.0939458492642737,0.82520507,0.03607365,0.01560957,0.12311171
397,0.6934494207579922,0.1071892137094336,0.0783866417576974,0.1209747237748758,0.82520507,0.03607365,0.01560957,0.12311171
398,0.7351555945217682,0.0849881444820607,0.0618803683982948,0.11797589259787569,0.82520507,0.03607365,0.01560957,0.12311171
399,0.7011660604979895,0.08359609609487889,0.0715664914045818,0.1436713520025491,0.82520507,0.03607365,0.01560957,0.12311171
